date,sales,category,region,units_sold
2023-01-01,5496.714153011233,Furniture,North,58
2023-01-02,4861.735698828816,Furniture,East,88
2023-01-03,5647.688538100692,Electronics,South,26
2023-01-04,6523.029856408025,Electronics,West,69
2023-01-05,4765.846625276664,Electronics,South,96
2023-01-06,4765.863043050819,Furniture,West,97
2023-01-07,6579.2128155073915,Furniture,North,54
2023-01-08,5767.434729152908,Clothing,South,92
2023-01-09,4530.525614065048,Electronics,West,78
2023-01-10,5542.560043585965,Furniture,East,41
2023-01-11,4536.5823071875375,Furniture,East,53
2023-01-12,4534.270246429744,Electronics,South,74
2023-01-13,5241.962271566034,Clothing,South,96
2023-01-14,3086.719755342202,Electronics,North,17
2023-01-15,3275.082167486967,Clothing,South,86
2023-01-16,4437.712470759027,Furniture,North,81
2023-01-17,3987.1688796655762,Clothing,North,96
2023-01-18,5314.247332595274,Furniture,East,52
2023-01-19,4091.975924478789,Electronics,East,10
2023-01-20,3587.696298664708,Electronics,West,60
2023-01-21,6465.648768921554,Electronics,East,33
2023-01-22,4774.223699513464,Clothing,East,33
2023-01-23,5067.528204687924,Furniture,South,26
2023-01-24,3575.251813786543,Electronics,East,14
2023-01-25,4455.617275474818,Electronics,West,29
2023-01-26,5110.922589709866,Furniture,South,30
2023-01-27,3849.0064225776973,Electronics,West,67
2023-01-28,5375.698018345672,Furniture,East,40
2023-01-29,4399.361310081195,Furniture,West,20
2023-01-30,4708.306250206723,Furniture,South,61
2023-01-31,4398.293387770603,Furniture,North,24
2023-02-01,6852.278184508938,Furniture,West,92
2023-02-02,4986.502775262066,Clothing,West,16
2023-02-03,3942.2890710441,Electronics,South,37
2023-02-04,5822.544912103189,Clothing,South,60
2023-02-05,3779.1563500289776,Electronics,West,67
2023-02-06,5208.863595004756,Clothing,East,14
2023-02-07,3040.3298761202245,Furniture,West,14
2023-02-08,3671.8139511015693,Electronics,South,17
2023-02-09,5196.861235869123,Electronics,North,73
2023-02-10,5738.46657999541,Clothing,North,19
2023-02-11,5171.368281189971,Clothing,East,47
2023-02-12,4884.351717611759,Electronics,West,90
2023-02-13,4698.896304410711,Clothing,North,17
2023-02-14,3521.4780096325726,Clothing,West,34
2023-02-15,4280.155791605292,Clothing,South,82
2023-02-16,4539.3612290402125,Furniture,North,75
2023-02-17,6057.122226218916,Furniture,East,88
2023-02-18,5343.6182895684615,Clothing,South,59
2023-02-19,3236.959844637266,Clothing,East,76
2023-02-20,5324.083969394795,Furniture,South,58
2023-02-21,4614.917719583684,Furniture,North,45
2023-02-22,4323.077999694041,Electronics,East,77
2023-02-23,5611.6762888408675,Electronics,East,87
2023-02-24,6030.999522495951,Furniture,South,50
2023-02-25,5931.280119116199,Clothing,East,98
2023-02-26,4160.782476777362,Clothing,South,71
2023-02-27,4690.787624148786,Clothing,South,19
2023-02-28,5331.263431403564,Clothing,South,30
2023-03-01,5975.545127122359,Electronics,South,45
2023-03-02,4520.82576215471,Furniture,North,21
2023-03-03,4814.341023336183,Clothing,South,11
2023-03-04,3893.665025993972,Electronics,West,22
2023-03-05,3803.7933759193293,Clothing,East,62
2023-03-06,5812.525822394198,Furniture,West,41
2023-03-07,6356.240028570823,Electronics,North,25
2023-03-08,4927.989878419666,Furniture,West,41
2023-03-09,6003.532897892024,Furniture,East,41
2023-03-10,5361.636025047635,Electronics,West,20
2023-03-11,4354.880245394876,Electronics,North,19
2023-03-12,5361.395605508414,Electronics,South,24
2023-03-13,6538.036566465969,Electronics,West,26
2023-03-14,4964.173960890049,Electronics,North,49
2023-03-15,6564.643655814006,Electronics,North,27
2023-03-16,2380.2548959102555,Electronics,East,64
2023-03-17,5821.9025043752235,Clothing,East,82
2023-03-18,5087.047068238171,Furniture,West,34
2023-03-19,4700.992649534132,Electronics,South,68
2023-03-20,5091.760776535502,Clothing,North,87
2023-03-21,3012.4310853991074,Clothing,West,98
2023-03-22,4780.328112162488,Clothing,North,31
2023-03-23,5357.112571511747,Furniture,North,39
2023-03-24,6477.894044741516,Electronics,South,93
2023-03-25,4481.7297817263525,Clothing,South,94
2023-03-26,4191.506397106812,Furniture,West,53
2023-03-27,4498.242956415464,Furniture,South,41
2023-03-28,5915.402117702074,Furniture,South,60
2023-03-29,5328.7511096596845,Clothing,West,55
2023-03-30,4470.239796232961,Electronics,South,30
2023-03-31,5513.267433113356,Clothing,East,41
2023-04-01,5097.0775493480405,Clothing,North,48
2023-04-02,5968.644990532889,Electronics,North,21
2023-04-03,4297.946906122647,Electronics,North,56
2023-04-04,4672.337853402232,Electronics,North,27
2023-04-05,4607.891846867842,Furniture,West,30
2023-04-06,3536.4850518678813,Electronics,North,22
2023-04-07,5296.120277064576,Clothing,North,30
2023-04-08,5261.0552721798895,Electronics,North,17
2023-04-09,5005.113456642461,Clothing,North,55
2023-04-10,4765.4128666248525,Furniture,East,16
2023-04-11,3584.6292579495857,Clothing,North,32
2023-04-12,4579.354677234641,Clothing,East,84
2023-04-13,4657.285483473231,Electronics,West,95
2023-04-14,4197.722730778381,Electronics,South,31
2023-04-15,4838.714288333991,Clothing,North,98
2023-04-16,5404.050856814539,Electronics,South,31
2023-04-17,6886.185901210531,Furniture,South,38
2023-04-18,5174.577812831839,Furniture,West,22
2023-04-19,5257.550390722764,Electronics,South,91
2023-04-20,4925.554084233833,Furniture,East,11
2023-04-21,3081.2287847009584,Electronics,South,38
2023-04-22,4973.486124550783,Clothing,South,94
2023-04-23,5060.230209941026,Clothing,South,88
2023-04-24,7463.242112485286,Furniture,North,61
2023-04-25,4807.639035218877,Electronics,North,36
2023-04-26,5301.5473423336125,Electronics,East,59
2023-04-27,4965.288230294756,Furniture,East,88
2023-04-28,3831.321962380468,Clothing,North,32
2023-04-29,6142.822814515021,Furniture,East,97
2023-04-30,5751.933032686774,Clothing,North,53
2023-05-01,5791.031947043047,Electronics,West,86
2023-05-02,4090.612545205261,Clothing,South,31
2023-05-03,6402.7943109360995,Furniture,South,52
2023-05-04,3598.148937207719,Electronics,East,46
2023-05-05,5586.85709380027,Furniture,North,70
2023-05-06,7190.455625809978,Furniture,North,65
2023-05-07,4009.4636748693115,Clothing,East,12
2023-05-08,4433.702270397228,Furniture,North,72
2023-05-09,5099.651365087641,Clothing,West,28
2023-05-10,4496.5243458838,Electronics,South,32
2023-05-11,3449.3365689338675,Clothing,East,38
2023-05-12,5068.562974806027,Electronics,East,39
2023-05-13,3937.696286273895,Clothing,North,48
2023-05-14,5473.592430635182,Furniture,East,34
2023-05-15,4080.5757657661966,Clothing,West,17
2023-05-16,6549.93440501754,Clothing,North,67
2023-05-17,4216.746707663763,Electronics,North,25
2023-05-18,4677.938483794324,Furniture,North,81
2023-05-19,5813.51721736967,Clothing,North,10
2023-05-20,3769.135683566045,Furniture,West,14
2023-05-21,5227.45993460413,Clothing,North,12
2023-05-22,6307.1427542824285,Clothing,East,74
2023-05-23,3392.5167654387724,Furniture,West,13
2023-05-24,5184.633858532305,Clothing,South,73
2023-05-25,5259.882794248423,Furniture,South,98
2023-05-26,5781.82287177731,Clothing,East,19
2023-05-27,3763.0492891219183,Electronics,East,30
2023-05-28,3679.5433869157237,Furniture,West,55
2023-05-29,5521.941565616898,Clothing,South,36
2023-05-30,5296.984673233186,Clothing,South,75
2023-05-31,5250.492850345877,Electronics,South,50
2023-06-01,5346.448209496976,Furniture,South,22
2023-06-02,4319.975278421509,Clothing,South,18
2023-06-03,5232.253697161003,Electronics,North,45
2023-06-04,5293.072473298681,Clothing,East,95
2023-06-05,4285.648581973632,Furniture,North,99
2023-06-06,6865.774511144757,Clothing,South,67
2023-06-07,5473.832920911787,Clothing,West,63
2023-06-08,3808.6965027973515,Clothing,West,21
2023-06-09,5656.55360863383,Clothing,South,90
2023-06-10,4025.3183297726787,Electronics,South,87
2023-06-11,5787.084603742452,Electronics,West,23
2023-06-12,6158.595579007404,Furniture,North,43
2023-06-13,4179.317681648289,Electronics,North,62
2023-06-14,5963.376129244321,Electronics,South,29
2023-06-15,5412.780926936498,Furniture,North,84
2023-06-16,5822.06015999449,Electronics,West,25
2023-06-17,6896.792982653948,Electronics,North,79
2023-06-18,4754.61188399713,Furniture,South,65
2023-06-19,4246.2638356425105,Furniture,West,92
2023-06-20,4110.485570374477,Furniture,North,67
2023-06-21,4184.189715034562,Clothing,East,13
2023-06-22,4922.898290585896,Clothing,West,13
2023-06-23,5341.151974816644,Furniture,West,29
2023-06-24,5276.690799330019,Furniture,East,19
2023-06-25,5827.183249036024,Furniture,East,33
2023-06-26,5013.001891877907,Clothing,West,35
2023-06-27,6453.5340771573165,Clothing,East,46
2023-06-28,4735.343166762044,Electronics,South,94
2023-06-29,7720.169166589619,Electronics,South,63
2023-06-30,5625.6673477650065,Furniture,South,30
2023-07-01,4142.842443583718,Clothing,West,83
2023-07-02,3929.1075019388877,Clothing,East,47
2023-07-03,5482.472415243185,Clothing,East,55
2023-07-04,4776.537214674149,Furniture,North,13
2023-07-05,5714.000494092092,Electronics,North,69
2023-07-06,5473.237624573545,Furniture,East,66
2023-07-07,4927.1710873431275,Electronics,East,54
2023-07-08,4153.206281931595,Electronics,East,29
2023-07-09,3485.1527753141354,Furniture,West,26
2023-07-10,4553.485047932979,Electronics,East,80
2023-07-11,5856.398794323472,Electronics,North,13
2023-07-12,5214.093744130204,Clothing,West,23
2023-07-13,3754.261221288012,Electronics,East,12
2023-07-14,5173.180925851182,Furniture,North,97
2023-07-15,5385.317379728836,Furniture,West,89
2023-07-16,4116.142563798867,Electronics,East,67
2023-07-17,5153.7251059455275,Clothing,East,64
2023-07-18,5058.208718446,Clothing,East,13
2023-07-19,3857.029702169377,Electronics,West,33
2023-07-20,5357.787360348283,Electronics,North,43
2023-07-21,5560.784526368235,Furniture,North,39
2023-07-22,6083.051243175277,Electronics,South,91
2023-07-23,6053.802052034903,Clothing,East,28
2023-07-24,3622.3306320429087,Electronics,South,40
2023-07-25,4062.174960084877,Furniture,South,69
2023-07-26,5515.03526720866,Furniture,North,69
2023-07-27,5513.785950912209,Furniture,West,28
2023-07-28,5515.047686306048,Furniture,West,58
2023-07-29,8852.73149065472,Furniture,North,72
2023-07-30,5570.890510693167,Electronics,West,92
2023-07-31,6135.565640180599,Electronics,South,31
2023-08-01,5954.001763493202,Electronics,East,33
2023-08-02,5651.391251305798,Electronics,North,85
2023-08-03,4684.730755359655,Furniture,East,39
2023-08-04,5758.969220493267,Clothing,West,67
2023-08-05,4227.174785462428,Electronics,East,40
2023-08-06,4763.181393259991,Clothing,West,73
2023-08-07,4514.6364521708965,Electronics,West,28
2023-08-08,5081.874139386323,Electronics,South,57
2023-08-09,7314.658566673509,Clothing,West,54
2023-08-10,3132.7348074082515,Furniture,South,64
2023-08-11,5686.2601903745135,Electronics,South,64
2023-08-12,3387.284128810348,Electronics,South,27
2023-08-13,4528.068134210566,Electronics,North,72
2023-08-14,6088.950596967366,Clothing,North,56
2023-08-15,5064.280019095463,Furniture,West,84
2023-08-16,3922.255222070694,Clothing,South,66
2023-08-17,4284.696290740032,Clothing,North,54
2023-08-18,5679.597748934676,Furniture,South,42
2023-08-19,4269.633368282864,Clothing,East,26
2023-08-20,5216.458589581975,Furniture,East,79
2023-08-21,5045.571839903814,Electronics,East,13
2023-08-22,4348.399652394183,Furniture,West,29
2023-08-23,7143.944089325326,Electronics,South,56
2023-08-24,5633.919022318011,Clothing,East,24
2023-08-25,2974.8574133423926,Clothing,North,79
2023-08-26,5186.454314769428,Electronics,East,56
2023-08-27,4338.213535231612,Clothing,East,87
2023-08-28,5852.433334796224,Furniture,East,84
2023-08-29,4207.4792615673,Electronics,West,18
2023-08-30,4885.263558533101,Clothing,North,99
2023-08-31,5504.987278980457,Electronics,South,25
2023-09-01,5865.755194170121,Furniture,North,78
2023-09-02,3799.7035929442236,Furniture,South,70
2023-09-03,4665.4987641590515,Clothing,West,19
2023-09-04,4525.054688839044,Furniture,West,59
2023-09-05,4346.670767426288,Electronics,West,12
2023-09-06,6765.454240281097,Furniture,West,86
2023-09-07,5404.981710960956,Electronics,South,79
2023-09-08,3739.116045664955,Electronics,East,90
2023-09-09,5917.8619470547765,Furniture,South,60
2023-09-10,7122.156197012633,Clothing,North,28
2023-09-11,6032.4652605511465,Furniture,West,51
2023-09-12,3480.6300340459866,Electronics,West,44
2023-09-13,4515.765927133749,Electronics,North,55
2023-09-14,6266.911149186622,Furniture,South,35
2023-09-15,4292.330534381219,Clothing,East,78
2023-09-16,5443.819428146228,Clothing,East,73
2023-09-17,5774.634053429337,Electronics,North,46
2023-09-18,4073.069528421917,Electronics,East,93
2023-09-19,4940.4746439382,Clothing,South,58
2023-09-20,1758.7326599309274,Furniture,South,30
2023-09-21,3975.61235866571,Electronics,North,83
2023-09-22,4747.43184860684,Electronics,South,73
2023-09-23,3752.2168180351505,Clothing,West,14
2023-09-24,6632.411303931635,Furniture,North,79
2023-09-25,3569.858622039367,Clothing,South,99
2023-09-26,4559.955513303016,Furniture,North,13
2023-09-27,5130.740577286091,Furniture,East,48
2023-09-28,6441.2732890661155,Furniture,South,44
2023-09-29,3564.1378488205605,Electronics,West,10
2023-09-30,6163.163752154959,Clothing,South,33
2023-10-01,5010.233061019587,Clothing,North,66
2023-10-02,4018.491348952049,Furniture,North,79
2023-10-03,5462.103474263271,Electronics,South,50
2023-10-04,5199.05969557347,Electronics,West,63
2023-10-05,4399.783122841205,Clothing,West,55
2023-10-06,5069.802084990019,Electronics,West,69
2023-10-07,4614.68640313824,Electronics,North,69
2023-10-08,5113.517345251248,Furniture,South,66
2023-10-09,5662.130674521047,Electronics,East,40
2023-10-10,6586.016816145352,Furniture,North,93
2023-10-11,3762.184501173151,Clothing,West,33
2023-10-12,7133.0333746562665,Electronics,South,98
2023-10-13,3047.912200477498,Clothing,West,45
2023-10-14,4848.214904964417,Clothing,East,94
2023-10-15,5588.317206484576,Electronics,West,39
2023-10-16,5280.991867735032,Electronics,West,33
2023-10-17,4377.300480179406,Clothing,East,39
2023-10-18,4791.877749642725,Electronics,South,95
2023-10-19,4506.999065341167,Furniture,North,16
2023-10-20,4410.635243055788,Furniture,South,44
2023-10-21,5849.602097021025,Electronics,East,64
2023-10-22,5357.015485965047,Clothing,West,23
2023-10-23,4307.090404739346,Electronics,South,19
2023-10-24,5899.59987543325,Electronics,North,89
2023-10-25,5307.29952087661,Clothing,East,25
2023-10-26,5812.86211883896,Clothing,South,63
2023-10-27,5629.6288419236125,Furniture,North,98
2023-10-28,4171.004989077927,Clothing,East,86
2023-10-29,4439.81895980303,Furniture,North,79
2023-10-30,5747.293605123262,Clothing,East,53
2023-10-31,5610.370265433465,Electronics,West,82
2023-11-01,4979.098406035851,Furniture,South,54
2023-11-02,5117.327383308782,Furniture,North,65
2023-11-03,6277.6648957884245,Furniture,East,93
2023-11-04,4408.42861116417,Electronics,North,91
2023-11-05,5547.097381170038,Electronics,North,66
2023-11-06,4797.807347566106,Electronics,South,30
2023-11-07,4782.31879677278,Electronics,West,77
2023-11-08,6098.776851987191,Electronics,North,59
2023-11-09,5825.41634898803,Furniture,East,42
2023-11-10,5813.509636000638,Electronics,East,16
2023-11-11,6305.478807154329,Furniture,West,79
2023-11-12,5021.003841632759,Electronics,East,24
2023-11-13,5681.952971294964,Clothing,West,91
2023-11-14,4689.733243406544,Furniture,East,41
2023-11-15,5324.1663524884425,Clothing,South,84
2023-11-16,4869.856945632316,Furniture,North,29
2023-11-17,5096.995964992718,Clothing,South,97
2023-11-18,5595.1570254369135,Electronics,North,24
2023-11-19,4181.779316766528,Electronics,North,57
2023-11-20,7092.38727568546,Electronics,North,80
2023-11-21,3993.982618500298,Furniture,South,30
2023-11-22,3785.8113872122676,Clothing,North,51
2023-11-23,6158.110873500068,Electronics,South,35
2023-11-24,5791.662693962936,Clothing,West,23
2023-11-25,5624.119817052155,Clothing,East,66
2023-11-26,5628.34550926428,Electronics,East,46
2023-11-27,4987.753227153085,Electronics,North,67
2023-11-28,4102.745628514169,Clothing,South,30
2023-11-29,5075.804558193727,Electronics,East,91
2023-11-30,4322.838288487888,Electronics,South,78
2023-12-01,5975.119733417751,Electronics,South,12
2023-12-02,4852.942618497861,Furniture,North,96
2023-12-03,4174.502803207489,Clothing,East,99
2023-12-04,4678.614158347006,Clothing,North,46
2023-12-05,5412.931454275625,Furniture,North,97
2023-12-06,4436.275447196025,Clothing,East,58
2023-12-07,4177.779604433568,Electronics,East,28
2023-12-08,5243.687211491912,Clothing,West,98
2023-12-09,5244.966571108723,Electronics,West,94
2023-12-10,4493.05682462887,Furniture,South,21
2023-12-11,4528.961694381677,Electronics,East,70
2023-12-12,5232.049937357637,Clothing,West,50
2023-12-13,3551.915658502676,Clothing,South,42
2023-12-14,3592.536225623445,Clothing,South,59
2023-12-15,4281.555778747564,Furniture,South,77
2023-12-16,4786.552848288153,Furniture,West,80
2023-12-17,5310.907565598005,Clothing,East,95
2023-12-18,6475.356216949552,Electronics,North,42
2023-12-19,5857.659623202019,Furniture,South,90
2023-12-20,4840.061470036573,Clothing,West,33
2023-12-21,4980.983792097311,Clothing,West,70
2023-12-22,3997.4706353621914,Furniture,North,70
2023-12-23,4981.48686400761,Furniture,North,37
2023-12-24,4711.3413610798625,Furniture,West,67
2023-12-25,5322.718560338089,Electronics,East,52
2023-12-26,4172.769056447677,Electronics,North,50
2023-12-27,5519.346514241172,Clothing,West,48
2023-12-28,6532.738913002578,Furniture,North,95
2023-12-29,4891.239851543142,Electronics,East,58
2023-12-30,5401.711722098941,Furniture,South,26
2023-12-31,5690.143991711113,Clothing,North,79
2024-01-01,4598.779528114163,Electronics,East,79
2024-01-02,5224.092481810417,Electronics,West,74
2024-01-03,5012.592400781795,Electronics,North,83
2024-01-04,5097.676098548832,Clothing,North,94
2024-01-05,4226.990216144533,Furniture,West,14
2024-01-06,5024.510174258942,Electronics,South,11
2024-01-07,5497.99829124545,Clothing,West,31
2024-01-08,6451.143607795042,Furniture,North,66
2024-01-09,5959.270826085207,Clothing,West,75
2024-01-10,7153.182457511556,Furniture,East,83
2024-01-11,4232.65243711195,Clothing,West,25
2024-01-12,5872.3206367206785,Furniture,North,60
2024-01-13,5183.342005738352,Electronics,West,48
2024-01-14,7189.802933217672,Furniture,South,95
2024-01-15,4191.701714644849,Clothing,West,85
2024-01-16,4160.278157819224,Clothing,South,97
2024-01-17,4400.6073545559775,Furniture,East,49
2024-01-18,2876.104275690193,Electronics,South,47
2024-01-19,4474.244978319239,Electronics,West,69
2024-01-20,4240.867338446302,Furniture,North,68
2024-01-21,5150.393786476207,Furniture,South,19
2024-01-22,5341.75597577716,Clothing,East,73
2024-01-23,6876.170839215886,Electronics,South,72
2024-01-24,5950.4238381860505,Furniture,South,58
2024-01-25,4423.096344337597,Electronics,South,73
2024-01-26,4101.585328651642,Furniture,East,41
2024-01-27,5491.919171506505,Furniture,West,16
2024-01-28,3679.766792979358,Electronics,South,30
2024-01-29,6831.458765854354,Furniture,South,29
2024-01-30,6179.440120721287,Furniture,North,35
2024-01-31,4530.824347895295,Clothing,East,77
2024-02-01,3286.865470909122,Furniture,South,95
2024-02-02,6353.872374165413,Furniture,East,24
2024-02-03,4885.460154747382,Furniture,South,94
2024-02-04,6237.816311973462,Clothing,West,88
2024-02-05,3405.5723412056327,Electronics,West,95
2024-02-06,4400.624977046227,Clothing,South,23
2024-02-07,5005.243699718183,Clothing,West,36
2024-02-08,5046.9805937647425,Electronics,South,49
2024-02-09,4549.934528520756,Clothing,West,67
2024-02-10,5622.849932347499,Electronics,North,37
2024-02-11,3932.3795706174055,Clothing,North,35
2024-02-12,4857.6205149787065,Electronics,North,72
2024-02-13,5120.295631711899,Furniture,East,75
2024-02-14,5514.438834058749,Clothing,East,34
2024-02-15,5711.61487808889,Clothing,North,12
2024-02-16,3875.357908162131,Clothing,East,81
2024-02-17,3465.8858292643777,Clothing,West,53
2024-02-18,6277.676821898509,Furniture,South,51
2024-02-19,5332.314011979592,Clothing,South,15
2024-02-20,4251.513463443446,Furniture,South,48
2024-02-21,6551.151975522523,Furniture,North,61
2024-02-22,5115.674634292859,Furniture,East,32
2024-02-23,6179.2971840638265,Furniture,West,98
2024-02-24,5067.5184814101085,Electronics,West,59
2024-02-25,7060.747924881987,Electronics,North,52
2024-02-26,6755.340842443205,Clothing,West,28
2024-02-27,4751.035851520926,Electronics,West,78
2024-02-28,5971.570950954356,Electronics,West,60
2024-02-29,5645.375949585147,Clothing,West,20
2024-03-01,6368.631557532349,Clothing,East,21
2024-03-02,4035.0765394198957,Clothing,West,83
2024-03-03,5686.051459998439,Electronics,South,17
2024-03-04,6058.424486849588,Electronics,North,33
2024-03-05,3241.260513576886,Clothing,East,50
2024-03-06,3816.741487334225,Furniture,West,45
2024-03-07,2960.7678222398995,Clothing,East,94
2024-03-08,4730.593165555442,Furniture,West,81
2024-03-09,5717.542255795962,Furniture,South,64
2024-03-10,6502.357052096028,Clothing,North,18
2024-03-11,5074.094780419775,Clothing,West,56
2024-03-12,6628.6155455712915,Clothing,West,24
2024-03-13,3619.8985417851086,Electronics,West,57
2024-03-14,3296.6175606448455,Furniture,West,91
2024-03-15,4944.452301103382,Electronics,North,51
2024-03-16,5384.065448939307,Electronics,North,69
2024-03-17,4967.3052519059065,Clothing,South,93
2024-03-18,2932.5578999601235,Electronics,North,79
2024-03-19,4910.879960487212,Clothing,West,21
2024-03-20,3695.5304994951466,Furniture,South,11
2024-03-21,5669.672548830038,Clothing,South,16
2024-03-22,5366.598246096848,Electronics,South,89
2024-03-23,4060.1202136726447,Electronics,West,12
2024-03-24,4486.133082663307,Clothing,East,12
2024-03-25,3940.7864781110484,Clothing,West,36
2024-03-26,4937.3209027268285,Electronics,North,49
2024-03-27,5955.142320501238,Furniture,North,42
2024-03-28,4014.2739536644563,Furniture,West,10
2024-03-29,5504.046515517844,Clothing,West,17
2024-03-30,4469.74238162756,Furniture,South,41
2024-03-31,4207.127167737656,Electronics,West,57
2024-04-01,4892.969640045442,Clothing,South,13
2024-04-02,3964.757677580626,Electronics,North,79
2024-04-03,4446.350694652818,Electronics,South,28
2024-04-04,3802.1221074111513,Furniture,West,41
2024-04-05,6964.725132916389,Clothing,North,18
2024-04-06,5035.263551971729,Clothing,East,21
2024-04-07,4300.274492007415,Furniture,South,20
2024-04-08,5213.979910734222,Electronics,North,55
2024-04-09,4887.671950309171,Electronics,South,25
2024-04-10,4779.030400466778,Electronics,North,10
2024-04-11,5614.166700043425,Electronics,North,72
2024-04-12,5757.507710047305,Clothing,South,30
2024-04-13,4469.498852389473,Clothing,East,39
2024-04-14,4424.18175935532,Furniture,North,22
2024-04-15,4724.948302848356,Furniture,North,43
2024-04-16,2698.0788352644154,Clothing,North,13
2024-04-17,3484.808937801448,Clothing,East,37
2024-04-18,6366.874267444525,Electronics,East,68
2024-04-19,6644.9677135012835,Electronics,West,36
2024-04-20,4750.9639604436215,Furniture,South,78
2024-04-21,5576.556963055767,Clothing,East,34
2024-04-22,5311.250154543536,Furniture,South,12
2024-04-23,8078.8808084552375,Clothing,West,77
2024-04-24,6119.574911434577,Electronics,South,34
2024-04-25,4872.0824085192335,Furniture,East,29
2024-04-26,4044.459559399574,Furniture,South,43
2024-04-27,3393.5536797424274,Clothing,East,35
2024-04-28,5203.463635867223,Electronics,South,14
2024-04-29,4243.649254715697,Furniture,East,70
2024-04-30,3577.746290402326,Electronics,East,18
2024-05-01,4353.427115757473,Furniture,South,59
2024-05-02,3918.4519963856046,Electronics,West,15
2024-05-03,6687.141635072565,Clothing,North,92
2024-05-04,5881.63975694945,Furniture,West,69
2024-05-05,4992.027358683383,Furniture,South,53
2024-05-06,6479.944138890026,Electronics,West,20
2024-05-07,5077.368307647618,Electronics,East,75
2024-05-08,4138.715798671737,Furniture,North,56
2024-05-09,6523.124077269657,Clothing,South,82
2024-05-10,5538.910043684658,Electronics,South,94
2024-05-11,3962.7538456735438,Electronics,South,97
2024-05-12,4809.661321916392,Electronics,North,95
2024-05-13,4124.381746615242,Furniture,East,12
2024-05-14,3617.2002690356635,Furniture,South,85
2024-05-15,5926.177547531642,Furniture,West,39
2024-05-16,6909.416640470131,Furniture,South,99
2024-05-17,3601.432426180859,Clothing,South,30
2024-05-18,5562.969236690571,Clothing,South,37
2024-05-19,4349.357430878173,Furniture,South,99
2024-05-20,4512.874616235304,Clothing,East,71
2024-05-21,4407.606075761131,Electronics,West,42
2024-05-22,4136.009230320184,Electronics,East,94
2024-05-23,5048.521627944827,Electronics,West,44
2024-05-24,4169.049883588962,Furniture,South,61
2024-05-25,5270.456825779839,Electronics,North,43
2024-05-26,4949.761890550863,Clothing,East,50
2024-05-27,4761.05195313359,Furniture,North,60
2024-05-28,4092.436337958402,Clothing,East,56
2024-05-29,4423.228669431667,Electronics,South,91
2024-05-30,5755.391225825756,Electronics,East,67
2024-05-31,5500.917187624381,Electronics,South,84
2024-06-01,4022.444755201449,Furniture,East,66
2024-06-02,5099.332305429226,Clothing,South,32
2024-06-03,5751.387123371789,Furniture,South,57
2024-06-04,3330.594718878628,Furniture,West,31
2024-06-05,5543.360192379935,Electronics,South,26
2024-06-06,4337.376241054153,Furniture,West,78
2024-06-07,5570.598668593159,Furniture,South,20
2024-06-08,4236.740843457483,Electronics,North,24
2024-06-09,3195.117899335481,Furniture,South,44
2024-06-10,3372.4575621168374,Electronics,North,42
2024-06-11,5048.084946661382,Electronics,North,93
2024-06-12,5259.722501721481,Electronics,South,25
2024-06-13,4095.6833748955914,Electronics,North,43
2024-06-14,5638.592458777374,Furniture,West,75
2024-06-15,3338.47993773104,Electronics,East,49
2024-06-16,4933.920201352684,Electronics,South,37
2024-06-17,3788.9838002375436,Furniture,North,56
2024-06-18,4348.163892197841,Furniture,South,48
2024-06-19,5047.398671316414,Clothing,West,79
2024-06-20,4139.586634716047,Furniture,South,82
2024-06-21,4615.4444557701745,Furniture,South,29
2024-06-22,6006.29280921444,Clothing,North,10
2024-06-23,4423.108130476851,Furniture,West,81
2024-06-24,5835.692112065141,Furniture,East,96
2024-06-25,3870.293145342382,Furniture,East,72
2024-06-26,5529.804177915283,Furniture,North,76
2024-06-27,6441.5686206579,Clothing,South,13
2024-06-28,2528.355499872711,Furniture,North,67
2024-06-29,4203.1047445295235,Furniture,North,34
2024-06-30,5577.07212718054,Clothing,North,56
2024-07-01,4796.9546139570075,Electronics,South,47
2024-07-02,5371.145873371309,Clothing,West,24
2024-07-03,4396.01481328418,Electronics,North,72
2024-07-04,5086.5897874729,Clothing,South,30
2024-07-05,4844.32276460792,Clothing,West,66
2024-07-06,6167.782061659807,Furniture,North,62
2024-07-07,5254.420843301213,Electronics,East,55
2024-07-08,5337.602662075202,Furniture,West,23
2024-07-09,4588.123033877532,Electronics,North,85
2024-07-10,4512.393775927507,Clothing,West,26
2024-07-11,4567.441812180379,Clothing,West,48
2024-07-12,5394.452142378297,Electronics,West,18
2024-07-13,4579.015519179737,Furniture,West,86
2024-07-14,5289.7748568964125,Furniture,West,88
2024-07-15,7075.400798645438,Furniture,West,91
2024-07-16,5871.124703431692,Furniture,North,15
2024-07-17,4673.976467832159,Clothing,East,32
2024-07-18,6201.2139221639445,Clothing,South,68
2024-07-19,4591.924626978449,Clothing,West,55
2024-07-20,2961.875464822146,Clothing,South,47
2024-07-21,3991.9136890825957,Clothing,North,23
2024-07-22,3129.2080789741444,Furniture,West,81
2024-07-23,4648.486515958692,Furniture,East,71
2024-07-24,5018.418379189552,Furniture,South,44
2024-07-25,6676.437312275283,Furniture,West,28
2024-07-26,5326.927373764162,Clothing,North,39
2024-07-27,4780.8994711911355,Clothing,East,87
2024-07-28,5829.405581183489,Clothing,South,93
2024-07-29,2788.864690992115,Electronics,South,34
2024-07-30,5235.614558108566,Furniture,West,49
2024-07-31,5770.865193886967,Furniture,East,97
2024-08-01,3521.4137542201584,Clothing,East,23
2024-08-02,6143.754043206929,Furniture,East,35
2024-08-03,5338.496407494414,Furniture,East,96
2024-08-04,4584.712086099199,Clothing,North,31
2024-08-05,5632.781866106285,Electronics,East,57
2024-08-06,7270.692857804396,Electronics,South,92
2024-08-07,5181.866255058495,Electronics,South,60
2024-08-08,5248.220586300336,Clothing,North,12
2024-08-09,4540.639100459756,Furniture,South,51
2024-08-10,4150.155630535208,Clothing,South,28
2024-08-11,5830.335816544246,Clothing,East,82
2024-08-12,4143.916174091133,Furniture,South,37
2024-08-13,5071.566237219393,Electronics,North,93
2024-08-14,4522.342553234883,Electronics,East,54
2024-08-15,5478.979825746392,Clothing,West,80
2024-08-16,5333.662105286949,Electronics,East,87
2024-08-17,6037.539944257899,Clothing,North,72
2024-08-18,4489.983601145253,Clothing,East,82
2024-08-19,4730.125064706629,Furniture,East,28
2024-08-20,4021.2362842176926,Furniture,North,56
2024-08-21,4555.706739923889,Furniture,East,23
2024-08-22,5377.300493044852,Clothing,North,47
2024-08-23,5756.988616645352,Furniture,North,62
2024-08-24,4077.8346758223747,Electronics,West,70
2024-08-25,5869.6059201056605,Electronics,South,45
2024-08-26,6355.637858804951,Clothing,South,49
2024-08-27,5413.4349032237005,Clothing,East,90
2024-08-28,6876.795812558066,Furniture,East,39
2024-08-29,4226.210800896427,Clothing,West,18
2024-08-30,3755.345296688583,Clothing,West,73
2024-08-31,3221.2797510957216,Electronics,West,42
2024-09-01,6496.044311489183,Electronics,North,61
2024-09-02,5654.365656354058,Furniture,West,98
2024-09-03,4944.415329089545,Clothing,West,23
2024-09-04,5279.96862631982,Clothing,East,84
2024-09-05,3874.5109527016234,Electronics,West,62
2024-09-06,7445.751979616826,Clothing,North,68
2024-09-07,5129.221181975227,Electronics,North,87
2024-09-08,5109.394794604893,Furniture,East,50
2024-09-09,5725.766623898692,Electronics,West,77
2024-09-10,5481.009231736713,Clothing,West,77
2024-09-11,5223.884024279131,Furniture,North,17
2024-09-12,4209.525544554688,Electronics,West,11
2024-09-13,5471.468357135996,Electronics,West,95
2024-09-14,6882.024496475034,Furniture,West,50
2024-09-15,6345.420046154978,Furniture,South,64
2024-09-16,6593.186626639397,Electronics,East,25
2024-09-17,4488.784323568815,Clothing,South,71
2024-09-18,4010.3951797414193,Electronics,East,57
2024-09-19,4874.213079900352,Furniture,North,39
2024-09-20,5055.724912288694,Electronics,West,21
2024-09-21,6094.191518470949,Furniture,East,44
2024-09-22,3307.5353702851808,Furniture,South,20
2024-09-23,6529.5503194606135,Clothing,West,73
2024-09-24,4841.99210142101,Furniture,North,59
2024-09-25,4573.11893005258,Furniture,East,94
2024-09-26,3987.8956247398323,Clothing,East,30
2024-09-27,3345.14332813423,Furniture,East,78
2024-09-28,5823.170583961914,Clothing,West,57
2024-09-29,5073.317967188404,Clothing,South,29
2024-09-30,3710.0391002589463,Furniture,South,76
2024-10-01,3704.9212279363837,Furniture,East,53
2024-10-02,4664.215300709871,Electronics,North,42
2024-10-03,6669.021525289393,Clothing,North,82
2024-10-04,4740.408648636395,Electronics,South,70
2024-10-05,3496.857046881894,Furniture,North,18
2024-10-06,4754.256935914056,Electronics,South,77
2024-10-07,4727.27643025233,Clothing,East,44
2024-10-08,2303.1133570584284,Electronics,South,90
2024-10-09,4945.705133482188,Clothing,South,97
2024-10-10,4769.065469791322,Furniture,East,74
2024-10-11,5696.206364813418,Furniture,North,17
2024-10-12,6848.956094945345,Clothing,South,54
2024-10-13,6126.565029547757,Furniture,South,96
2024-10-14,4731.111309445169,Furniture,East,56
2024-10-15,3893.4740912583297,Furniture,North,49
2024-10-16,7573.35980324986,Furniture,South,85
2024-10-17,5059.218434014489,Clothing,East,63
2024-10-18,5013.929291912947,Electronics,South,85
2024-10-19,4975.874912889997,Electronics,West,55
2024-10-20,5198.084760767855,Furniture,East,56
2024-10-21,4855.639588076057,Electronics,North,24
2024-10-22,4426.337993119764,Electronics,North,28
2024-10-23,4453.141058759608,Furniture,North,35
2024-10-24,4967.246729784001,Furniture,North,61
2024-10-25,4456.575228866235,Electronics,South,31
2024-10-26,4287.154217322835,Clothing,South,30
2024-10-27,5106.430227691897,Furniture,North,60
2024-10-28,4745.022782579144,Clothing,North,47
2024-10-29,6503.992988582689,Electronics,North,29
2024-10-30,2349.030191606988,Furniture,South,38
2024-10-31,6091.5068519224615,Clothing,North,60
2024-11-01,6246.085192497629,Furniture,North,13
2024-11-02,2926.6097675918504,Electronics,West,64
2024-11-03,4657.312405919652,Clothing,West,80
2024-11-04,4628.559134004208,Electronics,North,37
2024-11-05,3592.4883052821788,Electronics,East,13
2024-11-06,4222.1833124091245,Furniture,North,31
2024-11-07,3889.424154534171,Clothing,West,85
2024-11-08,6752.270443423623,Electronics,East,54
2024-11-09,5935.678393147461,Electronics,East,76
2024-11-10,6271.555094994159,Clothing,North,95
2024-11-11,5721.672064043235,Electronics,West,75
2024-11-12,3870.948228782771,Electronics,West,97
2024-11-13,4475.479733720226,Clothing,East,43
2024-11-14,5489.374561227918,Clothing,North,64
2024-11-15,3777.8721911080547,Clothing,South,10
2024-11-16,5712.998430172388,Clothing,South,81
2024-11-17,4759.674601841865,Furniture,West,96
2024-11-18,4625.179192450403,Clothing,South,47
2024-11-19,5710.959968203491,Furniture,West,15
2024-11-20,5444.26331148604,Furniture,West,95
2024-11-21,4639.03383418092,Furniture,West,34
2024-11-22,6159.329803364248,Electronics,South,91
2024-11-23,3918.936672400103,Furniture,West,26
2024-11-24,5615.935606944264,Furniture,East,70
2024-11-25,5593.101257968384,Electronics,North,21
2024-11-26,4690.45356068601,Electronics,North,15
2024-11-27,5326.133022242118,Electronics,West,99
2024-11-28,3748.886423614697,Clothing,North,36
2024-11-29,5924.027019206901,Electronics,South,17
2024-11-30,4815.097863557011,Electronics,South,92
2024-12-01,4477.27697948096,Furniture,North,74
2024-12-02,6049.0092258368895,Electronics,South,66
2024-12-03,4295.656309457241,Clothing,North,49
2024-12-04,3591.5387036364405,Electronics,North,23
2024-12-05,3443.370826476096,Clothing,North,44
2024-12-06,5606.00995134564,Electronics,West,57
2024-12-07,3719.570647503717,Electronics,North,93
2024-12-08,6754.7941819843645,Electronics,West,65
2024-12-09,2918.070592116278,Electronics,North,58
2024-12-10,6696.456368290038,Clothing,North,22
2024-12-11,5211.017467202619,Clothing,North,70
2024-12-12,4903.286888129607,Furniture,South,58
2024-12-13,4455.08091319105,Clothing,West,55
2024-12-14,5399.136114352071,Electronics,West,71
2024-12-15,4962.365297575152,Furniture,North,17
2024-12-16,6103.301882016522,Furniture,North,52
2024-12-17,5114.227648662039,Furniture,South,29
2024-12-18,5150.3017614618775,Electronics,South,99
2024-12-19,4636.387787786144,Clothing,South,48
2024-12-20,4943.054376278933,Electronics,West,94
2024-12-21,5307.801768892059,Furniture,West,58
2024-12-22,3289.831607343375,Electronics,West,73
2024-12-23,3651.814577894287,Electronics,North,71
2024-12-24,5743.264094022715,Clothing,West,63
2024-12-25,5170.865438127942,Clothing,East,18
2024-12-26,4816.0166636473205,Furniture,East,97
2024-12-27,5018.433933065393,Electronics,South,46
2024-12-28,5347.581705361671,Electronics,West,58
2024-12-29,4460.240319690639,Clothing,East,50
2024-12-30,4221.695274597688,Electronics,South,26
2024-12-31,5195.845255097682,Electronics,West,97
